{"cameraMode":{"drawMode":0,"name":"Shaded","section":"Shading Mode"},"sceneLighting":true,"audioPlay":false,"sceneViewState":{"m_AlwaysRefresh":false,"showFog":true,"showSkybox":true,"showFlares":true,"showImageEffects":true,"showParticleSystems":true,"showVisualEffectGraphs":true,"m_FxEnabled":true},"in2DMode":false,"pivot":{"x":-21.214698791503908,"y":41.76576614379883,"z":-221.05909729003907},"rotation":{"x":-0.0016009637620300055,"y":-0.9971687197685242,"z":-0.02213040180504322,"w":0.07221060246229172},"size":181.08901977539063,"orthographic":false}